checkpoint_id,station,dominant_stratum,origin_real_or_constructed,participant_id,source_consultation_id,script_family_id,cutoff_span_id,target_criterion,rule_version,input_sha256,approved_before_run
C1-01,C1,provenance,,,,,,,,,
C1-02,C1,provenance,,,,,,,,,
C1-03,C1,provenance,,,,,,,,,
C1-04,C1,provenance,,,,,,,,,
C1-05,C1,provenance,,,,,,,,,
C1-06,C1,provenance,,,,,,,,,
C1-07,C1,provenance,,,,,,,,,
C1-08,C1,provenance,,,,,,,,,
C1-09,C1,prompt_disclosure,,,,,,,,,
C1-10,C1,prompt_disclosure,,,,,,,,,
C1-11,C1,prompt_disclosure,,,,,,,,,
C1-12,C1,prompt_disclosure,,,,,,,,,
C1-13,C1,prompt_disclosure,,,,,,,,,
C1-14,C1,prompt_disclosure,,,,,,,,,
C1-15,C1,prompt_disclosure,,,,,,,,,
C1-16,C1,prompt_disclosure,,,,,,,,,
C1-17,C1,drug_patient_binding,,,,,,,,,
C1-18,C1,drug_patient_binding,,,,,,,,,
C1-19,C1,drug_patient_binding,,,,,,,,,
C1-20,C1,drug_patient_binding,,,,,,,,,
C1-21,C1,drug_patient_binding,,,,,,,,,
C1-22,C1,drug_patient_binding,,,,,,,,,
C1-23,C1,drug_patient_binding,,,,,,,,,
C1-24,C1,timing_correction,,,,,,,,,
C1-25,C1,timing_correction,,,,,,,,,
C1-26,C1,timing_correction,,,,,,,,,
C1-27,C1,timing_correction,,,,,,,,,
C1-28,C1,timing_correction,,,,,,,,,
C1-29,C1,timing_correction,,,,,,,,,
C1-30,C1,timing_correction,,,,,,,,,
C2-01,C2,provenance,,,,,,,,,
C2-02,C2,provenance,,,,,,,,,
C2-03,C2,provenance,,,,,,,,,
C2-04,C2,provenance,,,,,,,,,
C2-05,C2,provenance,,,,,,,,,
C2-06,C2,provenance,,,,,,,,,
C2-07,C2,provenance,,,,,,,,,
C2-08,C2,provenance,,,,,,,,,
C2-09,C2,prompt_disclosure,,,,,,,,,
C2-10,C2,prompt_disclosure,,,,,,,,,
C2-11,C2,prompt_disclosure,,,,,,,,,
C2-12,C2,prompt_disclosure,,,,,,,,,
C2-13,C2,prompt_disclosure,,,,,,,,,
C2-14,C2,prompt_disclosure,,,,,,,,,
C2-15,C2,prompt_disclosure,,,,,,,,,
C2-16,C2,prompt_disclosure,,,,,,,,,
C2-17,C2,drug_patient_binding,,,,,,,,,
C2-18,C2,drug_patient_binding,,,,,,,,,
C2-19,C2,drug_patient_binding,,,,,,,,,
C2-20,C2,drug_patient_binding,,,,,,,,,
C2-21,C2,drug_patient_binding,,,,,,,,,
C2-22,C2,drug_patient_binding,,,,,,,,,
C2-23,C2,drug_patient_binding,,,,,,,,,
C2-24,C2,timing_correction,,,,,,,,,
C2-25,C2,timing_correction,,,,,,,,,
C2-26,C2,timing_correction,,,,,,,,,
C2-27,C2,timing_correction,,,,,,,,,
C2-28,C2,timing_correction,,,,,,,,,
C2-29,C2,timing_correction,,,,,,,,,
C2-30,C2,timing_correction,,,,,,,,,
C3-01,C3,provenance,,,,,,,,,
C3-02,C3,provenance,,,,,,,,,
C3-03,C3,provenance,,,,,,,,,
C3-04,C3,provenance,,,,,,,,,
C3-05,C3,provenance,,,,,,,,,
C3-06,C3,provenance,,,,,,,,,
C3-07,C3,provenance,,,,,,,,,
C3-08,C3,provenance,,,,,,,,,
C3-09,C3,prompt_disclosure,,,,,,,,,
C3-10,C3,prompt_disclosure,,,,,,,,,
C3-11,C3,prompt_disclosure,,,,,,,,,
C3-12,C3,prompt_disclosure,,,,,,,,,
C3-13,C3,prompt_disclosure,,,,,,,,,
C3-14,C3,prompt_disclosure,,,,,,,,,
C3-15,C3,prompt_disclosure,,,,,,,,,
C3-16,C3,prompt_disclosure,,,,,,,,,
C3-17,C3,drug_patient_binding,,,,,,,,,
C3-18,C3,drug_patient_binding,,,,,,,,,
C3-19,C3,drug_patient_binding,,,,,,,,,
C3-20,C3,drug_patient_binding,,,,,,,,,
C3-21,C3,drug_patient_binding,,,,,,,,,
C3-22,C3,drug_patient_binding,,,,,,,,,
C3-23,C3,drug_patient_binding,,,,,,,,,
C3-24,C3,timing_correction,,,,,,,,,
C3-25,C3,timing_correction,,,,,,,,,
C3-26,C3,timing_correction,,,,,,,,,
C3-27,C3,timing_correction,,,,,,,,,
C3-28,C3,timing_correction,,,,,,,,,
C3-29,C3,timing_correction,,,,,,,,,
C3-30,C3,timing_correction,,,,,,,,,
C4-01,C4,provenance,,,,,,,,,
C4-02,C4,provenance,,,,,,,,,
C4-03,C4,provenance,,,,,,,,,
C4-04,C4,provenance,,,,,,,,,
C4-05,C4,provenance,,,,,,,,,
C4-06,C4,provenance,,,,,,,,,
C4-07,C4,provenance,,,,,,,,,
C4-08,C4,provenance,,,,,,,,,
C4-09,C4,prompt_disclosure,,,,,,,,,
C4-10,C4,prompt_disclosure,,,,,,,,,
C4-11,C4,prompt_disclosure,,,,,,,,,
C4-12,C4,prompt_disclosure,,,,,,,,,
C4-13,C4,prompt_disclosure,,,,,,,,,
C4-14,C4,prompt_disclosure,,,,,,,,,
C4-15,C4,prompt_disclosure,,,,,,,,,
C4-16,C4,prompt_disclosure,,,,,,,,,
C4-17,C4,drug_patient_binding,,,,,,,,,
C4-18,C4,drug_patient_binding,,,,,,,,,
C4-19,C4,drug_patient_binding,,,,,,,,,
C4-20,C4,drug_patient_binding,,,,,,,,,
C4-21,C4,drug_patient_binding,,,,,,,,,
C4-22,C4,drug_patient_binding,,,,,,,,,
C4-23,C4,drug_patient_binding,,,,,,,,,
C4-24,C4,timing_correction,,,,,,,,,
C4-25,C4,timing_correction,,,,,,,,,
C4-26,C4,timing_correction,,,,,,,,,
C4-27,C4,timing_correction,,,,,,,,,
C4-28,C4,timing_correction,,,,,,,,,
C4-29,C4,timing_correction,,,,,,,,,
C4-30,C4,timing_correction,,,,,,,,,
