case,video,file,wav_duration_seconds,placeholder_chunk_count,placeholder_seconds,selected_source,source_sha256,transcript_file,human_verified,speech_tokens,speech_chars,timed_transcript_tokens,speech_text_sha256
case1_fungal_toe,v01,1. Best Case.mp4,384.682687,4,120.0,E:\che\apricot\hoper\CUHK项目\OneDrive_2026-09-09\Sample cases Apricot\Drug Info Case 1 Fungal Toe\1. Best Case.mp4,4bcb54ff67fb10403d30d206f4999b197466ec7a105eb9b967313b89b74783ae,E:\che\apricot\hoper\CUHK项目\.codex_tmp\case_audit\videos\case1_fungal_toe\v01\transcript.txt,False,1085,1271,1283,23105cc81b1607a260d3afd465c3a26c37440e428a5ed4b6302943eb48e2e1eb
case1_fungal_toe,v02,2. Above Average.mp4,498.602688,5,150.0,E:\che\apricot\hoper\CUHK项目\OneDrive_2026-09-09\Sample cases Apricot\Drug Info Case 1 Fungal Toe\2. Above Average.mp4,c7552906262a92368a9bc23ffc1b1ea4987a02d16b9d3ea5980b1e1e92305279,E:\che\apricot\hoper\CUHK项目\.codex_tmp\case_audit\videos\case1_fungal_toe\v02\transcript.txt,False,1912,2379,2172,8c5949723edf4c5776ce6328265b7eb99509a4d68bb5e30ab33e9b2b6b54c0c8
case1_fungal_toe,v03,3. Average.mp4,443.178688,3,90.0,E:\che\apricot\hoper\CUHK项目\OneDrive_2026-09-09\Sample cases Apricot\Drug Info Case 1 Fungal Toe\3. Average.mp4,292954a58a1e6b7ce984f5cb87a6cb1516cdcb807fb2616ad7715bc516171dca,E:\che\apricot\hoper\CUHK项目\.codex_tmp\case_audit\videos\case1_fungal_toe\v03\transcript.txt,False,1450,1929,1673,f7f037ace65f98c2f6c487e616ab426322ef2d658fba3abadd73afb7d9c35547
case1_fungal_toe,v04,4. Fail (1).mp4,503.104,6,180.0,E:\che\apricot\hoper\CUHK项目\OneDrive_2026-09-09\Sample cases Apricot\Drug Info Case 1 Fungal Toe\4. Fail (1).mp4,d19d614ca0ddf580eb9b59d178ae918a6fac400c4be5c98e5cc9c504c6dcf296,E:\che\apricot\hoper\CUHK项目\.codex_tmp\case_audit\videos\case1_fungal_toe\v04\transcript.txt,False,1328,1598,1594,e5817364b76cc193085dd9c5e3c52c06958d1ff6c6205bccd45bc65ee0237ead
case1_fungal_toe,v05,5. Fail (2).mp4,505.365313,7,210.0,E:\che\apricot\hoper\CUHK项目\OneDrive_2026-09-09\Sample cases Apricot\Drug Info Case 1 Fungal Toe\5. Fail (2).mp4,6697ee4e0fb46481104cac2c3a75f6e6d17e822d07c5a5437ec6e9e75903c893,E:\che\apricot\hoper\CUHK项目\.codex_tmp\case_audit\videos\case1_fungal_toe\v05\transcript.txt,False,918,1181,1183,e74cfd89af8f59a157571c54ce5a632baa8c497b4170bb71a209f37fcfe60559
case2_migraine,v01,1. Best.mp4,491.754687,8,240.0,E:\che\apricot\hoper\CUHK项目\OneDrive_2026-09-09\Sample cases Apricot\Drug Info Case 2 Migrane\1. Best.mp4,74094a95d1029d6f1d2881ce96ce5f058a8a0efda861aaf05fe1a103b5fa9593,E:\che\apricot\hoper\CUHK项目\.codex_tmp\case_audit\videos\case2_migraine\v01\transcript.txt,False,973,1225,1245,7e4247e0269d1ac78a8137a2cd4fc6f3992b49d5a2087ec2996db5d57a4147d4
case2_migraine,v02,2. Above Average.mp4,587.136,5,150.0,E:\che\apricot\hoper\CUHK项目\OneDrive_2026-09-09\Sample cases Apricot\Drug Info Case 2 Migrane\2. Above Average.mp4,bfa990b1ac868a1085f76a1bf4e9f043e3666c00d810f15556cd840eb517256e,E:\che\apricot\hoper\CUHK项目\.codex_tmp\case_audit\videos\case2_migraine\v02\transcript.txt,False,1236,1602,1532,251e864c540e27e9c42dce1bb18204f2aff89caacd977a56758053b4d592d33e
case2_migraine,v03,3. Average.mp4,507.925313,5,150.0,E:\che\apricot\hoper\CUHK项目\OneDrive_2026-09-09\Sample cases Apricot\Drug Info Case 2 Migrane\3. Average.mp4,c86446241332900d4693ccffeeaad74bcd31710608990e1a8b6d462bc39065c7,E:\che\apricot\hoper\CUHK项目\.codex_tmp\case_audit\videos\case2_migraine\v03\transcript.txt,False,1171,1825,1434,b4f4050c634164b6dc7d246f6143589e8d1f3dda6fb5e4dfae9e82f4a43ad23b
case2_migraine,v04,4. Fail.mp4,545.493313,13,365.4933125,E:\che\apricot\hoper\CUHK项目\OneDrive_2026-09-09\Sample cases Apricot\Drug Info Case 2 Migrane\4. Fail.mp4,402b8ccb6e36f78e6504bc6236739bdd9326fca331d8e0305cf2a5b57cfb31a4,E:\che\apricot\hoper\CUHK项目\.codex_tmp\case_audit\videos\case2_migraine\v04\transcript.txt,False,661,790,986,7929c3a77eefb975c11261bcaf430e6914b19e5b644143e0d9d1240731088052
case2_migraine,v05,5. Extremely bad fail.mp4,492.714688,8,222.71468750000003,E:\che\apricot\hoper\CUHK项目\OneDrive_2026-09-09\Sample cases Apricot\Drug Info Case 2 Migrane\5. Extremely bad fail.mp4,8723f982394af952592eb1829d745d141533eda36084d72cce594a630e26b472,E:\che\apricot\hoper\CUHK项目\.codex_tmp\case_audit\videos\case2_migraine\v05\transcript.txt,False,563,802,834,30d024870672e39e6300ffe8adf89694c70b382eb3c86904505da86a60a8884f
case3_diuretics,v01,Case 2_Diuretics_Below average _auto fail case.mp4,470.784,0,0,E:\che\apricot\hoper\CUHK项目\OneDrive_2026-09-09\Sample cases Apricot\Patient Drug Counselling Case 1 Diruetics\Case 1_Diuretics_Below average _auto fail case.mp4,7f5751897a1a6cfc56124ca4b10083ce8acbc52ed7dfa80609bad85467da60f4,E:\che\apricot\hoper\CUHK项目\.codex_tmp\case_audit\videos\case3_diuretics\v01\transcript.txt,False,2027,2188,2248,ae329e98d38af53da3d0e88fbe02941d7587466b23def09b355097f940c2c5da
case3_diuretics,v02,Case 2_Diuretics_Below average.mp4,487.338687,0,0,E:\che\apricot\hoper\CUHK项目\OneDrive_2026-09-09\Sample cases Apricot\Patient Drug Counselling Case 1 Diruetics\Case 1_Diuretics_Below average.mp4,0027834c895b147c53453c5f96f07afd31a598abd1af5fec1b2b9c4610c35058,E:\che\apricot\hoper\CUHK项目\.codex_tmp\case_audit\videos\case3_diuretics\v02\transcript.txt,False,2311,2475,2547,fadb52cf8600ad51a186ebba681a1d6e734887cf32c02bb55c05774789aaf0f0
case3_diuretics,v03,Case 2_Diuretics_Fail .mp4,493.781313,1,13.781312500000013,E:\che\apricot\hoper\CUHK项目\OneDrive_2026-09-09\Sample cases Apricot\Patient Drug Counselling Case 1 Diruetics\Case 1_Diuretics_Fail.mp4,c22498afb7e2f808d52be886800b9834a30c3da4466b6ae13913aeab16764572,E:\che\apricot\hoper\CUHK项目\.codex_tmp\case_audit\videos\case3_diuretics\v03\transcript.txt,False,2168,2355,2408,fe7a3a3dfd942f216271732a326c11c5c668ec970c708bcb5d79b9e97eef1e0b
case3_diuretics,v04,Case 2_Diuretics_Good.mp4,505.962688,0,0,E:\che\apricot\hoper\CUHK项目\OneDrive_2026-09-09\Sample cases Apricot\Patient Drug Counselling Case 1 Diruetics\Case 1_Diuretics_Good.mp4,452dc88ba4e40ebb5de9f3c20fc0ce5eeef39b997842fad6153974c91466d7f2,E:\che\apricot\hoper\CUHK项目\.codex_tmp\case_audit\videos\case3_diuretics\v04\transcript.txt,False,2419,2661,2655,945a5e1ee2b9cdfa44d411ff72a828d05580c5a218f824d53c6aac18245c3bb2
case4_mtx,v01,Case1_MTX_Average.mp4,497.152,0,0,E:\che\apricot\hoper\CUHK项目\OneDrive_2026-09-09\Sample cases Apricot\Patient Drug Counselling Case 2 MTX\Case2_MTX_Average.mp4,3df500d48d931aa8f9590d9d8394ea6e13ae9f75acfd29babd2e52ad6c4bfc08,E:\che\apricot\hoper\CUHK项目\.codex_tmp\case_audit\videos\case4_mtx\v01\transcript.txt,False,1913,2075,2150,ac045ea610db0b1570455283eb80ecad6ecceb85764b5997b222a6119a8a26ed
case4_mtx,v02,Case1_MTX_Below average.mp4,487.04,1,7.0400000000000205,E:\che\apricot\hoper\CUHK项目\OneDrive_2026-09-09\Sample cases Apricot\Patient Drug Counselling Case 2 MTX\Case2_MTX_Below average.mp4,230e885e17860746490ebe6acf276e0413747bb2bbcf2ba662f88239ca1d62a2,E:\che\apricot\hoper\CUHK项目\.codex_tmp\case_audit\videos\case4_mtx\v02\transcript.txt,False,2037,2214,2282,80a97232fa21cfdc9201f2f9df64167a81b2c1b2195b1182f57f9bb97a2d29ca
case4_mtx,v03,Case1_MTX_Good.mp4,503.850687,0,0,E:\che\apricot\hoper\CUHK项目\OneDrive_2026-09-09\Sample cases Apricot\Patient Drug Counselling Case 2 MTX\Case2_MTX_Good.mp4,543f4534e560b0642e17b41e1644b82e90ebb935f447903688ad76151881ce5c,E:\che\apricot\hoper\CUHK项目\.codex_tmp\case_audit\videos\case4_mtx\v03\transcript.txt,False,2230,2429,2465,79d15869aa0a152e320a8865d74343f4348d9d9aaebefaae595679de3b9e0326
case4_mtx,v04,Case1_MTX_Poor (fail) .mp4,574.378687,1,4.378687499999955,E:\che\apricot\hoper\CUHK项目\OneDrive_2026-09-09\Sample cases Apricot\Patient Drug Counselling Case 2 MTX\Case1_MTX_Poor (fail) .mp4,b523654b784fb5b7ff96f483d52ce0f672f2cc1a777bec1a447b02ffaf245425,E:\che\apricot\hoper\CUHK项目\.codex_tmp\case_audit\videos\case4_mtx\v04\transcript.txt,False,1629,1731,1911,59e0f0c8a65059135dfdea51c9a406f9ce60bf9234f2bef297cb347394102e45
